machineID,volt,rotate,pressure,vibration,age,model,volt_rolling24h_mean,volt_rolling24h_min,volt_rolling24h_max,rotate_rolling24h_mean,rotate_rolling24h_min,rotate_rolling24h_max,pressure_rolling24h_mean,pressure_rolling24h_min,pressure_rolling24h_max,vibration_rolling24h_mean,vibration_rolling24h_min,vibration_rolling24h_max,volt_rolling3h_mean,volt_rolling3h_min,volt_rolling3h_max,rotate_rolling3h_mean,rotate_rolling3h_min,rotate_rolling3h_max,pressure_rolling3h_mean,pressure_rolling3h_min,pressure_rolling3h_max,vibration_rolling3h_mean,vibration_rolling3h_min,vibration_rolling3h_max,vibration_lag3h,vibration_lag24h,pressure_lag3h,pressure_lag24h,total_errors_rolling24h,time_since_last_maint_comp1,time_since_last_maint_comp2,time_since_last_maint_comp3,time_since_last_maint_comp4,volt_rotate_ratio,pressure_vibration_ratio
1,191.873171142148,382.736625649486,100.893691098222,37.9402195210172,18,model3,170.444476213835,147.942692161706,199.00486882384,447.8369220309058,367.999424371424,628.790956782459,97.13732878785719,79.1365039254454,120.070898836923,39.76238777794265,27.3367049121977,46.6095154296193,183.56184793405296,174.588145036997,191.873171142148,427.3550976303197,382.736625649486,460.505352732143,99.69065399658128,95.4839132964218,102.6943575951,39.28110219835817,33.293571644438,46.6095154296193,42.1116607857845,41.6744893074585,95.5682646033137,88.3398395956869,0.0,24.0,1104.0,744.0,384.0,0.5013190736978183,2.6592805659189933
2,182.021908044284,392.270187070234,99.9462932865942,41.6761841139842,7,model4,170.25134831596804,151.004617886461,199.429818707378,442.03921081321414,325.49595520936,572.317430987833,99.20462553839305,82.5496938938918,119.667873445374,40.218233072444356,31.1755624244719,51.9328740311069,176.65648314410066,169.047259894481,182.021908044284,452.21445006192727,392.270187070234,493.760667524314,93.06794814717962,85.7099456329825,99.9462932865942,42.824011107827125,34.8629751783903,51.9328740311069,39.1565685396063,31.3701803409503,101.744819164963,99.4755131542222,0.0,432.0,72.0,792.0,1512.0,0.46402177269635875,2.3981631959173204
3,164.906466435521,410.742074763206,91.7215929669456,35.4769704962203,8,model3,172.38477067281974,143.82053535321,193.82171388643,451.3265305126088,388.905684805124,566.143081521724,101.24970563826383,88.4873537352879,112.680908502938,37.61554324538341,28.2328643264829,43.9793519613909,165.90145544871498,164.771155176612,168.026744734012,421.114513689555,401.658887443546,450.942578861913,97.0152236441611,91.7215929669456,100.083960683985,36.8303897422056,35.4769704962203,38.2935020055291,40.9384953077794,40.5797214229887,99.6571129031185,112.406420794936,0.0,1056.0,336.0,2496.0,1056.0,0.4014842310204179,2.5853839574981077
4,149.409695703748,522.123117483713,112.680498613138,45.6378696912759,7,model3,166.07891778829025,134.162666327192,199.382980756663,445.29938546949506,353.470395631407,548.571896534878,97.98288934366535,81.3589097431078,118.755521424357,39.38140666008908,32.789667415365,46.3290505327029,155.80371868079632,134.162666327192,183.838794011449,446.209904234506,383.018097506684,522.123117483713,101.55987092270937,83.3771007060571,112.680498613138,40.93048578233127,38.0577591559204,45.6378696912759,34.9212309239196,36.2222679970825,93.2145906987194,84.4343160378546,0.0,456.0,1176.0,96.0,456.0,0.2861579777153818,2.4690130566209327
5,178.789196803409,415.167297806061,142.414273443305,47.020210341448,2,model3,169.1731496787892,136.402164827222,204.315282427939,445.3122025338965,361.752950920002,534.423393064143,152.39483271269867,139.91546152189,182.111769721569,39.03353307170051,29.7759206448899,53.1345609509147,179.49243119669867,178.261658095245,181.426438691442,433.42325419913703,415.167297806061,460.280664806716,147.03158458643733,142.414273443305,156.228631304452,43.84953243671206,39.9769098996417,47.020210341448,38.0782410915548,46.0401579036408,152.191926077851,148.800014086838,0.0,648.0,2088.0,288.0,1368.0,0.4306437364348573,3.0287884588423317
6,181.209176066683,393.853196756405,98.7435776447533,41.879119716623,7,model3,170.41661627611802,148.166670302704,206.341597383012,443.6087266516891,337.516129308419,528.786494364735,97.2558374544803,83.0480839257696,129.983842151885,39.70187192508269,29.4980010809695,48.6496296733306,173.29651465890097,168.665717702925,181.209176066683,461.86711676672167,393.853196756405,528.786494364735,97.56250775860543,86.786087454522,107.157858176541,43.49791259427584,40.1828846172926,48.4317334489119,48.6496296733306,39.6068494577542,87.1033791979794,107.086009660183,0.0,3216.0,336.0,696.0,1056.0,0.4600931948729775,2.3578235635104727
7,181.343113336636,339.771881110878,107.48823366633,37.9332084601299,20,model3,167.85804908119079,138.331080594676,228.709576046992,444.7578517615061,339.771881110878,537.99956916342,98.84479577940378,80.3692820868137,113.616944234727,40.52221372260875,30.5334892373866,50.9545830539397,159.78354750896133,145.352370236489,181.343113336636,401.795815217336,339.771881110878,478.619252393409,100.8921071579821,93.7771560539933,107.48823366633,35.43731362295106,31.8649078239963,37.9332084601299,34.6598155780059,49.0598097352681,90.7485548052308,110.175907317364,0.0,288.0,1368.0,1008.0,648.0,0.5337201895872543,2.833618225194118
8,168.43918407724,438.340305036815,89.904140744216,32.1545241275153,16,model3,173.64153557720587,129.047344408237,218.15883157107,447.5142784880898,374.529692432181,524.52202267617,98.16056936960882,72.8578288721857,125.572501374414,39.45005103641477,30.1438645247834,47.3466743027639,174.03685480122968,154.289488766632,199.381891559817,465.36803207264666,438.340305036815,479.961644948476,98.43120996072757,89.904140744216,108.873396997519,38.2287209420354,32.1545241275153,44.9586403744607,45.4789593436906,43.9227808087827,98.9352864911068,103.070536293008,1.0,2160.0,0.0,360.0,1440.0,0.38426579020340706,2.796002751951175
9,176.007479876459,414.778969600764,93.2435796817363,37.5943980201511,7,model4,168.42608795365234,135.650960736572,192.828490520754,447.7526732511398,309.495772126642,619.416839034994,98.44623246773001,72.6668900064748,114.479361972807,40.53647662142601,33.9730488480933,55.714226911906,175.831910004894,172.149884142573,179.33836599565,421.83650270606796,357.283755465411,493.446783052029,98.58491844071307,88.0318136675959,114.479361972807,37.002945068117604,33.9730488480933,39.4413883361084,43.3438471885721,38.7439342354031,103.082124139067,117.024789658529,0.0,72.0,72.0,4392.0,1872.0,0.4243404134532919,2.4802519021984235
10,154.003010649551,362.335963548815,111.683488929265,41.8833337114158,10,model3,168.69443682523604,132.043393587498,210.146997564294,447.960534121988,362.335963548815,563.935810157124,99.46466930999549,80.534193000329,117.466121721942,40.43489463955684,27.1447708745044,49.3016185442177,169.72580794199868,154.003010649551,183.316893453638,403.79594762151237,362.335963548815,427.187260574661,105.67264710241484,91.9228933667865,113.411559011193,40.18166909945837,34.7037754089369,43.9578981780224,38.4590835893021,47.0022450151948,80.534193000329,90.9997055447519,0.0,1848.0,1488.0,48.0,768.0,0.42502822164318504,2.6665376503276454
11,172.879051203201,444.2129858206,109.394616372646,34.0622458511297,6,model2,169.266550963832,135.693058086876,196.938165863135,448.6824704728058,361.304167645245,542.267943991191,103.71044277006222,85.858726922467,119.145645013461,39.77496597652904,34.0622458511297,47.6415619322356,167.12015744940933,152.02773187789,176.453689267137,443.7730543102587,442.420760515004,444.685416595172,105.30311789037677,92.9497222047673,113.565015093717,39.43373277882653,34.0622458511297,43.272019219636,39.238836900874,48.3807470339777,117.659935994362,115.777015326706,0.0,24.0,2544.0,384.0,1104.0,0.3891805425153407,3.2116089361561846
12,159.253040980583,445.363458487977,98.9154952771906,39.9765159264672,9,model3,164.7523424076447,126.454990148504,195.682689210387,437.8172678536512,335.6465114425,568.285127916294,102.16005299506344,88.182323710633,114.801337785272,38.593791713611175,27.3697420501731,47.1049809781778,167.27056446952432,148.373114497021,194.185537930969,434.939935279002,361.22346174949,498.232885599539,99.31830752768786,88.182323710633,110.85710359524,35.3091584084779,27.3697420501731,39.9765159264672,41.7018797065401,42.9480769988309,104.737001436306,98.4264337144269,0.0,696.0,1776.0,336.0,1056.0,0.3575799441733997,2.474340009639553
13,165.455871656461,448.441282386135,97.3055293830968,34.6730002020105,15,model1,175.87779149510774,143.702584039926,216.664407626684,468.1106141184255,355.517378484552,597.014756943156,99.82837599498178,65.5212292140027,127.686236566703,39.237480653529545,29.330007411693,45.4969969135362,166.224282219239,160.1007933459,173.116181655356,447.338962157251,440.248697511717,453.326906573901,108.16304020340526,97.3055293830968,121.054676918269,37.923964462012066,34.6730002020105,41.0564400507744,42.4621682976143,45.2772431924131,83.2513212673149,93.3078901652211,0.0,240.0,240.0,960.0,600.0,0.3689577159513958,2.8063774697834516
14,182.880955553776,425.355113943002,97.2305057499477,47.6503773771342,1,model3,173.42437868820662,138.221590676907,212.349077448129,440.70584961795174,350.586853454041,525.844723034833,102.06137603642877,87.4223431267838,124.584406951513,39.61837569804355,26.3553958958529,47.6503773771342,176.49192865626765,166.654528396852,182.880955553776,460.659575419094,425.355113943002,492.215673017135,101.87733150292114,94.6667164805457,113.73477227827,38.82635398722713,32.1751384161251,47.6503773771342,43.0876709760966,39.235473665497,93.2486076179184,102.58641655527,0.0,1920.0,480.0,840.0,120.0,0.42994888066241366,2.040498083360558
15,196.508873215114,497.583759524472,124.921627456992,39.5319986466137,14,model3,191.4996820659985,170.674375042596,228.553808435402,452.6936905486329,355.565355086903,522.026065929085,124.66943418527383,105.803061225656,140.678250251069,41.733059004570244,34.4637145119397,51.2762175591442,193.40281852825535,188.900486920427,196.508873215114,467.69129246483135,432.007908004687,497.583759524472,118.51099547642066,111.876763686552,124.921627456992,36.842170728316766,34.9902185061271,39.5319986466137,44.0974029622338,46.3392843197354,127.39674784197,106.031827973646,0.0,2544.0,24.0,2904.0,24.0,0.39492621907110925,3.160012864861309
16,174.9751513741,448.188020363534,95.4439041917364,41.8669171469257,3,model1,167.1899950366551,139.849613206112,197.342112888122,447.218633150186,308.069124281708,543.471425779834,96.18017114695613,78.2967341128059,118.113865226787,48.72848881828583,41.8669171469257,58.6387335879688,176.14267427513434,165.233629832798,188.219241618505,486.00071223751735,448.188020363534,543.471425779834,92.81746089599837,86.7160037559113,96.2924747403474,45.846412948466,41.8669171469257,48.4009638011912,45.585342391555,54.948953428816,93.9093465735446,110.750252759701,0.0,456.0,816.0,1896.0,1176.0,0.3904056847431321,2.279697393937387
17,140.489195543317,422.602309205583,87.7365728293317,54.5515720211399,14,model1,167.16681117058874,140.489195543317,192.523892497393,442.48022077129787,374.199742766954,530.665123854858,99.72183865756695,74.753186024497,114.858673237502,41.77940094250706,33.2041913543497,54.5515720211399,160.649369930008,140.489195543317,192.178400564016,418.2294429255763,401.133340296466,430.95267927468,96.43941908756882,87.7365728293317,102.647909614947,43.79901315630156,35.0205849442602,54.5515720211399,46.9603844451322,32.7537458249559,110.024141700873,110.696461390014,0.0,120.0,840.0,480.0,1560.0,0.3324383046438467,1.6083234262618222
18,153.270562356245,424.282249771675,101.423288513131,40.060349176937,15,model3,168.82481445142415,126.579164132532,206.912695897077,439.69451607198795,346.43016143942,517.673744617426,98.04294563454755,78.352931779715,129.898192860553,40.80276268599051,28.8844065869987,48.5439923168185,178.96407803352835,153.270562356245,196.824918020161,447.86159619247564,424.282249771675,486.216284858904,108.94598154292908,95.5164632551032,129.898192860553,39.67381892712384,35.3379878248487,43.6231197795858,40.583239726299,44.0491676750552,82.6513411145163,89.8315021506617,0.0,144.0,2664.0,864.0,1584.0,0.36124669857737374,2.5317624051005185
19,172.643185427977,409.092974869983,110.083580082348,42.703069146781,17,model3,173.8801525162603,144.869123042807,208.153396905243,449.77273103179886,327.756198376512,546.708092584121,101.4101527223653,87.7768354610425,120.905783270469,41.06661664826178,27.9294934920293,49.7635475184897,177.67759896379232,172.643185427977,184.877246945397,456.45639702188765,409.092974869983,530.417209058569,103.77527685448457,94.7628815515557,110.083580082348,41.320606142773194,35.4676076736223,45.7911416079163,30.0442130010441,34.7873114817442,88.3599540907933,96.3753379647055,0.0,192.0,1632.0,1992.0,912.0,0.42201454341969946,2.5778844402513346
20,185.80658249706,377.924872006478,111.466713186402,37.479506875578,16,model2,169.40065934731166,140.45079614085,193.245063585949,431.33114473747327,299.405265184619,561.322596029224,101.55593483266746,85.7369646409293,118.34251827909,41.12868132502502,33.7924721421549,49.9917922751043,183.16824915992265,178.236739045077,185.80658249706,420.7935289517537,377.924872006478,456.086713982408,96.32451135350239,85.7369646409293,111.466713186402,42.82845494428983,37.479506875578,47.2776689245959,46.1937301559251,38.4532891339118,101.522859055293,134.063975046013,0.0,408.0,1128.0,768.0,48.0,0.491649520231168,2.974070885787558
21,223.584273917507,455.168887049726,103.721500503891,41.4628591201139,14,model2,194.4377365261137,172.861354397462,229.061663215449,461.1072907518508,382.170243560405,537.643860903564,102.85832555398441,88.6440877309154,118.304961918198,41.51915695060291,33.1436727562422,49.1953072479644,196.53672599196034,181.354961583081,223.584273917507,460.011332576189,439.11340400557,485.751706673271,102.7303368672623,99.0509013650889,105.418608732807,39.97874516098043,35.856112868164,42.6172634946634,38.2503834518757,32.949779785122,104.716639847789,109.284117303045,0.0,1752.0,312.0,312.0,672.0,0.4912116794175111,2.5015519962544754
22,169.744691362717,459.621104724359,100.110835105557,43.5781501294816,14,model1,174.49168453068583,145.683093808086,216.073649321286,464.1057060569138,374.067785499045,586.840360285433,103.55563448850849,84.0069448017508,118.984362003531,40.216858484656626,27.9918516050604,48.4945432914399,162.97133264293333,146.161250754649,173.008055811434,485.369537981287,459.621104724359,534.586683499637,103.12861372663541,96.7193482402532,112.555657834096,40.764332739560395,39.3326535944026,43.5781501294816,38.9424139964106,39.9332679487886,95.3374712132051,104.619282310825,0.0,1056.0,1416.0,696.0,1056.0,0.36931439668159016,2.297271281842652
23,200.553394848431,408.467552233267,100.059552851341,47.2779758554696,17,model1,190.68152067862493,169.145195657449,217.675500786268,460.6123377517624,370.824303823901,547.881614977904,119.224902862627,97.9139591109216,150.776606698989,40.181176639141476,25.2524822089065,48.733998484962,192.76108580032033,184.34597314982,200.553394848431,450.90306667760404,408.467552233267,496.073861170158,102.86358235150999,100.059552851341,106.919851017175,40.606066259216334,31.4669471280889,47.2779758554696,40.7468783457491,39.0911647919305,97.9139591109216,114.906720191063,1.0,24.0,1464.0,1104.0,384.0,0.4909897818343953,2.11640936238085
24,187.324622810392,372.785606131195,109.024934056717,37.3973093237044,20,model1,171.3547860439518,145.206664660086,189.71001103443,450.2822000894983,357.423114749211,553.039016216015,100.23676995418502,84.0136330820818,122.318838617358,39.66530524909979,33.4227787157049,49.9428591281096,167.94724637319365,150.235515916465,187.324622810392,427.8905151894137,372.785606131195,507.640218695695,104.94207329733854,96.2895604256466,109.511725409652,40.373856257927905,37.3973093237044,43.8875049490213,39.7422887444139,43.4414901356455,96.3388682843651,93.323182248864,0.0,96.0,1536.0,96.0,1176.0,0.5024996116453245,2.9153148478598268
25,178.467759386502,558.850494347871,108.558500923812,40.7370316797329,16,model4,173.79385243447322,151.531601211041,197.705214630123,460.83855519758845,326.081119228641,558.850494347871,101.85950556142025,76.204350238244,125.901477243121,38.93131166114713,26.4281580274275,55.1808110210639,173.56602810006302,163.204407773589,179.025917140098,504.649525687309,419.977639904616,558.850494347871,101.83992856120933,97.9246478363575,108.558500923812,45.27817534274903,39.9166833274503,55.1808110210639,41.4551285211187,40.4352509789853,114.404217505018,95.311978854549,0.0,48.0,1488.0,48.0,768.0,0.31934794882021195,2.6648602949870965
26,177.907489359525,422.650991096692,106.141295881762,40.942368041852,3,model3,165.63745270009557,133.259326567152,207.0996207323,452.4750712447028,389.680513858234,541.46484108216,99.82777034764054,82.9171711775161,120.989132688955,39.824436798449454,30.9736070001084,45.9560908425792,154.27157361784734,133.259326567152,177.907489359525,478.78549839356066,422.650991096692,541.46484108216,105.49513459431647,90.6787607962804,119.665347104907,40.58744995982003,36.5338659776172,44.2861158599909,41.5249145194743,47.3351850515368,107.004724898316,91.1741354178258,0.0,0.0,720.0,1800.0,360.0,0.42093238318679776,2.5924561368997123
27,184.650687079028,429.062485312682,104.962499416755,38.9287015640045,9,model3,170.8500676868591,117.490156998462,212.069275181354,458.1550466908964,359.934963236208,532.73242450236,100.78987099992958,84.3196889943314,119.564088780081,43.34669655244238,33.023561570878,52.2665983833726,173.07167330523498,161.943203920194,184.650687079028,469.86062854557,429.062485312682,504.864678704387,102.58729580513904,98.9701191403421,104.962499416755,43.903610131720995,38.9287015640045,49.0018181732225,50.9393943843751,40.3839159083487,93.7542663151014,108.583767229378,0.0,1344.0,2064.0,624.0,264.0,0.43035849781670876,2.6962753059694515
28,150.155062848338,436.029017443126,100.484312831382,33.5222973013161,1,model4,168.1812828825919,137.606456550545,188.527306963973,427.9568326443494,334.760484268053,549.241741181041,98.23187192219552,81.1314981885455,116.246808954028,42.53520299677457,32.2343375546006,59.2993601082086,160.042607364827,150.155062848338,169.26909510134,424.69812809506465,416.500683635077,436.029017443126,100.50619329370609,92.1608737690423,108.873393280694,37.09813864769847,33.5222973013161,40.7942202603259,32.5657130086053,43.7650125431169,104.878861396018,121.418418964679,0.0,120.0,4800.0,840.0,120.0,0.3443694261094773,2.9975365032604864
29,147.842982274732,331.524961312817,109.597664987563,36.7390985372499,3,model4,171.66862520380764,147.842982274732,196.177433806035,436.37323058365126,331.524961312817,501.983987169063,99.0581341644196,81.2931244871449,118.894429962355,40.80524534831731,30.0124654466806,46.4121513439097,159.292075752007,147.842982274732,178.024342599688,423.73411124246405,331.524961312817,500.672066050692,102.21160374951624,93.2501301481637,109.597664987563,36.95412562946643,36.7390985372499,37.2753951611594,38.9940032569376,40.2908045873158,95.5857587357353,98.8796328751879,0.0,1536.0,456.0,96.0,456.0,0.4459482665900488,2.9831342185303575
30,183.137755753882,429.051977039449,111.774258700577,41.1185911361882,20,model3,170.31603504770092,142.613778336,204.276904758391,444.0192162949197,327.017577468966,562.379562423179,98.31948775888314,69.9017252764528,124.040509786762,40.34966079171082,24.8875438890282,51.6720723706099,182.70864595217168,174.32464322932,190.663538873313,417.5813598364263,401.300888701242,429.051977039449,101.46484451273658,89.0819283484647,111.774258700577,44.30950726146224,40.4213267832839,51.3886038649146,41.5660588736563,41.2500751649114,116.832216281658,99.7480189684934,1.0,1368.0,288.0,1008.0,288.0,0.42684281888345815,2.7183386612647475
31,161.415504101457,279.897880322335,114.963162940154,43.579800680321,11,model1,167.1081688457696,128.627037655326,192.122910939304,432.4822150616571,279.897880322335,544.001685444317,121.86770233774588,74.8970986061281,148.150087970214,40.688827703148085,29.2340016501278,51.2607953243108,165.22702902655234,161.415504101457,169.891084754028,331.74946196716303,279.897880322335,431.509801476597,119.626784287894,113.902456171751,130.014733751777,39.872588970953636,37.3021315561827,43.579800680321,39.7469844288917,35.6587046418375,122.250706686256,97.9823151209126,0.0,336.0,1416.0,1056.0,1416.0,0.5766942691344213,2.637991879436823
32,156.384169470835,562.234289266961,124.334388841832,36.0243391407009,15,model4,171.38373622111428,141.663368128007,195.168205675679,453.84035364843294,319.585208943116,562.234289266961,99.73563123574978,76.2253352347636,124.334388841832,40.51728479348365,32.2269655736612,51.5788870787166,166.31448107084566,156.384169470835,175.184935513525,480.878567826574,409.464586443403,562.234289266961,110.30037633538332,90.649907616163,124.334388841832,42.4728155870392,36.0243391407009,47.4054279348538,32.2269655736612,35.9292627171853,95.4202452408277,114.547067790897,0.0,264.0,2784.0,264.0,2064.0,0.2781476907012918,3.4513994803573635
33,180.660978470832,416.536059393588,99.7680064873431,45.9931979951234,14,model3,172.30736838223797,152.646981157195,193.435453820827,462.62792358679036,373.790960292799,552.147461737491,101.16583368166448,81.5737212653172,117.401707720153,39.7520407454515,29.1313873959108,46.0876014331664,173.14066064625334,163.009415704077,180.660978470832,408.8215105982087,404.465208543519,416.536059393588,102.17766404659763,89.3632779322968,117.401707720153,43.8830726649655,41.4791135156921,45.9931979951234,46.0876014331664,39.7849695581661,103.957986386553,92.7194162182216,0.0,840.0,120.0,480.0,3000.0,0.43372230077781043,2.1691904165640095
34,198.069341279846,432.616880427258,98.2819044426708,47.0065659382984,10,model4,194.3206033466623,164.227568155576,228.523624940157,452.67314983649777,358.734450099729,549.273667840833,98.09103819695345,82.2166446330288,122.403900645825,40.646980641190844,28.8469874451389,54.4799315854204,204.88911905800467,198.069341279846,216.71225261146,436.58797920757934,420.352536621416,456.794520574064,96.1299165367051,86.6405171650125,103.467328002432,43.115118042085804,39.927869915644,47.0065659382984,47.6773040697723,35.9958931806577,97.1552028359527,100.345744576526,0.0,1200.0,120.0,1200.0,840.0,0.45784006538623756,2.0908122171882337
35,193.595505630009,480.97126776844,83.2734429643469,32.0333430849399,17,model1,176.7677592732468,141.423724932915,198.602888941408,447.5027145949604,314.257084860523,564.037687084986,99.44002012470484,83.2734429643469,125.997407255252,40.28613547601708,31.6606040752353,48.1030892816748,179.76849301417903,160.855206413999,193.595505630009,487.7649421664203,463.771931110947,518.551627619874,92.59378714760857,83.2734429643469,98.5408541468315,35.497434980387105,31.6606040752353,42.7983577809861,41.6974870522646,25.5720770380933,100.619624412107,97.2280184623039,0.0,2520.0,0.0,4320.0,360.0,0.4025095015045776,2.599586316793473
36,162.613319505781,490.772994779939,94.436236902946,51.0341424452271,5,model4,168.36642086417365,142.233241674691,200.422491633872,454.92333126752237,374.757314581181,553.171585158543,99.92364978357789,79.0565467552067,129.309014034677,40.4208390378457,34.0991261289112,51.0341424452271,162.34190323773032,159.326285834614,165.086104372796,435.01660819717,393.946501712082,490.772994779939,98.98282170867121,81.6030381707816,120.909190052286,45.451248554040966,39.7827675146726,51.0341424452271,40.9926986699982,42.9325559352231,117.422446828687,103.990392070385,0.0,5016.0,1056.0,1776.0,336.0,0.33134121254441695,1.8504520802685882
37,192.417600604665,460.501262651977,101.107201179793,39.044452156197,16,model1,173.609097385356,145.273550092915,197.550509827231,459.1787255673259,356.1583004299,595.868778995366,99.50757257499596,86.3384471001667,117.356841680449,39.40451764019019,30.3011050358386,46.3749029031456,177.78882850353568,166.298906519966,192.417600604665,463.3743204100683,436.109920073473,493.511778504755,99.36528711451012,96.5899617629344,101.107201179793,40.72171653441904,37.4379428942196,45.6827545528405,30.3011050358386,38.6076668606494,106.009388276285,101.626978703686,0.0,48.0,1128.0,768.0,408.0,0.4178438058534499,2.5895407159453483
38,140.42631434585,481.873972426368,89.8261352402983,38.0815556060358,15,model4,164.7313283218813,140.42631434585,196.699324458522,448.655550679124,355.362016357423,549.841410662123,100.13733561089964,82.6837036725418,117.759264635692,40.39643854907181,28.8552307169247,53.0699804449754,158.067365108491,140.42631434585,167.910823284419,441.2430124317763,397.859356453491,481.873972426368,95.64141246026209,89.8261352402983,102.931747402199,36.281254844438166,34.4117193015665,38.0815556060358,39.0185155468932,45.7074265312765,105.119517276702,107.648338947886,0.0,456.0,3696.0,1896.0,456.0,0.2914170967718961,2.3587831813067526
39,178.480041051098,424.870643758048,79.2348306957118,34.5040275447203,0,model4,171.25266122766593,138.010842456021,203.917555541919,443.13455857242116,371.574359562212,529.535537807325,96.9080219185755,79.087720960946,113.383927081902,38.359161831570106,31.6169286008232,48.2564389378479,169.186357496804,155.770968301313,178.480041051098,421.52285548090566,397.207770718402,442.490151966267,89.54824855077663,79.2348306957118,102.060447736046,37.37006034347896,34.5040275447203,40.4682844413602,36.2259229388374,31.3788680189966,98.3969403514949,120.582516973222,0.0,120.0,120.0,840.0,2640.0,0.4200808958047394,2.296393610763926
40,169.568079940248,455.595647749246,105.065630380956,34.2557721354964,4,model2,168.4139604032659,137.734611943492,195.168995707533,446.1517485087905,352.69518863503,536.674918425475,99.4176466188611,80.5443654800413,118.61676287369,39.62049502158944,29.2751221932794,48.5578991172062,163.49553281892733,149.597018236206,171.321500280328,470.9679986407977,449.515611339561,507.792736833586,94.90349726292794,88.5377435308655,105.065630380956,36.42974840567677,34.2557721354964,38.3224291407847,37.825380197163,48.080919640135,116.534223049334,107.329223648387,0.0,768.0,1128.0,48.0,48.0,0.3721898582784229,3.067092661005664
41,168.510771000241,426.761386464116,100.21311943139,33.5470636879217,9,model4,172.95547729300165,155.217221433792,218.151432089181,444.0233398623215,298.420826925583,497.461340936915,104.7279283110203,92.2457699728015,114.017464437672,38.961693837797675,27.2698765883977,52.6601229242137,164.84260976156398,155.644984371892,170.372073912559,436.41420016518435,385.547942402696,496.933271628741,99.34368292295314,94.0158308375704,103.802098499899,32.7228909708759,29.8513343461655,34.7702748785405,34.3146730586854,36.6321797043154,98.3596234314142,102.932945929415,0.0,96.0,5136.0,1176.0,96.0,0.39485945999369526,2.9872395800837617
42,178.92204593821,371.718262973617,96.6163855594904,36.2246042411761,7,model1,172.92575821270327,144.62122078556,202.958014795813,439.9586215519109,350.534407450114,493.154066467803,97.07435085395541,83.3251383312761,123.455883792586,40.63494239258615,33.1781969989736,47.732340296254,175.11203638024134,169.768231939603,178.92204593821,423.021968137735,371.718262973617,488.695597809464,104.66774440162885,93.9309638528102,123.455883792586,38.34229887951174,36.2246042411761,41.228450393971,44.605824253154,43.1148514282918,88.647187598027,91.3447191330614,0.0,720.0,1080.0,360.0,0.0,0.4813377853042732,2.6671480590675323
43,175.002673328602,471.962267636684,97.6068388783836,39.252586320488,14,model3,170.92404821837545,137.4828301612,203.974950407917,442.2301868319748,350.368172739925,534.148761555608,99.61192831096177,83.4853375542391,112.537366388919,41.164082649475766,31.1517761756783,54.9085481970361,180.77684092377368,175.002673328602,185.830463528763,469.76557630462435,466.554971169771,471.962267636684,99.27450569294517,91.3735045580219,108.84317364243,38.4919636365492,35.1083634741529,41.1149411150067,38.0084139168803,38.1425679033751,94.4482222818993,92.5781212846407,0.0,0.0,360.0,3240.0,1440.0,0.37079801704088944,2.486634526316624
44,209.422256451847,376.697732591321,100.649885604101,54.8436077911278,7,model4,189.50992311290156,162.852557329355,209.422256451847,368.4650508042768,282.95067647724,480.461740553865,102.44753479507142,78.7212135928686,121.71520464495,40.85825976138453,32.6751435467907,54.8436077911278,198.92719210039002,184.602366129868,209.422256451847,390.631172182184,351.180333543934,444.015450411297,91.85176057819653,78.7212135928686,100.649885604101,45.15350327314983,40.1670426605873,54.8436077911278,33.6545720053876,42.8564020769505,104.637532386845,116.958991972855,0.0,2664.0,504.0,144.0,144.0,0.5559424381327682,1.835216314583285
45,158.481937688527,452.640928025775,97.0415011800717,48.0709764248496,14,model3,173.5783834829534,144.150436272124,215.78823118007,443.2090490412145,366.588937648683,525.650836855698,101.00628342048527,74.7548295203265,125.013231947184,39.53079460846643,31.3233898635247,48.0709764248496,165.71546743301533,158.481937688527,179.166561388291,438.3366386542223,400.028420035835,462.340567901057,101.1373824069167,96.5031723526314,109.867473688047,44.83173801259923,42.0877255088908,48.0709764248496,42.6104226787005,36.9756594971832,98.5019894672137,101.914022134453,0.0,336.0,2496.0,336.0,1776.0,0.3501272808661598,2.0187128778851813
46,148.91293188751,328.95270040324,90.5237812007361,43.0168100873633,10,model4,171.57737181217018,148.91293188751,203.316203532898,442.2812837980204,328.95270040324,536.918438832889,97.43443337421816,79.5833014316821,114.618685607505,40.467464525731536,32.0160125628287,51.0385300598822,156.806561525579,148.91293188751,165.800212348735,406.0967682440587,328.95270040324,490.275776250404,99.32880088311667,90.5237812007361,110.299993817182,39.242587927485765,34.4917206457886,43.0168100873633,39.9928292310609,41.5992752320315,97.4766305787134,93.4476238840774,0.0,312.0,1032.0,2112.0,672.0,0.45268797384025167,2.1043814944090204
47,154.812103274382,438.457590538015,81.6114836943874,34.2805024050411,6,model2,166.53639518571507,143.291933472687,207.445623742872,449.70403273277844,355.313639587536,553.102002023418,98.04811174291534,80.9487162504175,118.186235593456,39.81312434841613,26.7812117923752,48.5926734775536,166.49802533026866,154.812103274382,177.346864868674,422.5505393091953,382.712897263024,446.481130126547,84.26720747915464,81.5924849071983,89.5976538358782,41.5733300183257,34.2805024050411,48.5926734775536,36.703891273371,47.9761751258927,84.5514580349257,101.081041710419,0.0,3168.0,288.0,2448.0,1368.0,0.35308341390859355,2.380696768950776
48,183.822000023651,410.036089902854,100.201486294299,41.7772836239623,10,model4,169.30244338919394,153.393355640898,187.373035405185,442.0760230442783,346.706562273132,515.45238776362,99.90309983382924,79.7303790095249,118.020748174628,41.55119579771634,30.1388638306253,53.5708493895287,174.05983270025365,163.39965806615,183.822000023651,434.1925224121383,410.036089902854,447.484147448044,100.73044952261783,83.9691140989265,118.020748174628,39.15531610385553,35.2555318175497,41.7772836239623,42.4166056995431,45.3033664253649,113.285560289706,101.544788990584,0.0,1320.0,240.0,600.0,2040.0,0.44830687859426066,2.3984681435429196
49,181.656293274914,423.439324230951,112.353263281951,29.7283740835223,15,model1,168.55311847898398,133.80588744052,224.799271580469,444.99499156458364,305.923710362996,543.694696713477,101.18437978292245,83.4172721092947,118.810170126929,39.72735416209119,29.7283740835223,49.334876290629,172.29353808153,164.546121184622,181.656293274914,446.0555827451713,423.439324230951,487.127201036646,107.53779583536827,98.1499650212718,112.353263281951,38.91620891297747,29.7283740835223,44.6603586290312,39.7809442828822,54.9995150950234,87.8278210636282,83.1802654890264,0.0,144.0,864.0,1224.0,144.0,0.42900194301942923,3.7793274259455107
50,211.600640824814,397.56551782917,121.283438531218,46.420810490965,4,model4,186.42109689814296,164.165366613035,211.600640824814,381.7121478493139,262.632484862358,503.422931016273,123.04033513928455,103.367211000344,137.178157138394,40.40260485318398,31.4494017275039,47.2930637654188,193.75668229283735,179.645075070634,211.600640824814,344.959387019298,277.919448934001,397.56551782917,118.830227837027,111.183130518519,124.024114461344,42.992373840057034,39.8928114672811,46.420810490965,34.7504848634341,32.9210583770576,128.023042532176,124.579843548357,0.0,2304.0,1944.0,504.0,1224.0,0.5322409283581173,2.61269535442791
51,161.538181444705,458.751029945217,103.387411112814,36.4683310761872,19,model4,171.24561810584635,144.323226131116,193.917075422099,452.00083635270494,343.800987004849,541.546270274095,98.12291356799703,78.6274976141042,120.891415445698,41.376427899161534,31.8639549764706,50.1381228162111,174.4744011835337,161.538181444705,189.927325642894,432.26363530815934,358.576623074221,479.46325290504,104.02299722391864,97.5562216618229,111.125358897119,41.80309249536064,36.4683310761872,50.1381228162111,35.0413862154068,38.9904413432994,101.997013570546,94.3421663641639,0.0,1560.0,480.0,1200.0,120.0,0.3521260347074741,2.8349914906122917
52,134.00863144009,472.86128125927,106.422784103916,36.0782400607515,14,model3,165.01700204437236,134.00863144009,187.868041016198,449.2968140032512,319.354625845451,537.022686817741,103.21787855553669,78.0346276021775,129.365774821433,41.30767321158691,34.2610270765418,50.3778095093634,156.73789895952598,134.00863144009,169.522974480704,464.08175043226134,434.254738004224,485.12923203329,110.97372130516901,106.422784103916,118.940685150123,35.030175350052566,34.2610270765418,36.0782400607515,49.6735856761114,40.1453859734403,104.586038437188,99.3331456147678,0.0,408.0,408.0,768.0,48.0,0.28339945871612515,2.9497775106251054
53,170.362594064423,448.470148661715,115.005116894224,55.5462013998635,5,model3,170.69966414542762,133.705919689051,193.097274020806,453.0955204350621,360.75484495361,578.588649943493,102.78390587045415,83.1820994995655,132.018376016614,42.12344717721188,27.6923210841437,55.5462013998635,165.53992899032835,157.416998303377,170.362594064423,411.55873878328134,370.158370944185,448.470148661715,112.35405722377432,106.915379741876,115.141675035223,46.711329228250264,38.0516551676327,55.5462013998635,37.2471044491242,36.2463418422886,110.127508365101,92.5405492391821,0.0,192.0,552.0,3072.0,3792.0,0.37987499099534056,2.0704406768680665
54,159.970181990338,396.219810245938,87.0870657411663,38.4594453318074,10,model2,166.2760569656582,136.58363671699,197.716286709421,463.4424141517123,389.270447413747,537.06667013642,98.52916108113033,87.0870657411663,114.584949443461,39.033671869914464,25.4763869033743,50.2251075948247,166.72148362780933,159.970181990338,174.729719837018,411.6474357481743,396.219810245938,441.537507971032,102.04965850212643,87.0870657411663,114.584949443461,39.02333451182527,38.4594453318074,39.8851291885354,36.555015512283,40.5816732734603,89.1347952068436,99.7839750419302,0.0,864.0,144.0,2664.0,504.0,0.40374099792562557,2.264386881439373
55,150.772985437589,551.314893396502,139.934783786105,37.5244480173645,17,model3,168.55507691555954,138.291977802099,205.243113998762,465.88483259957394,379.197122383543,554.592757230254,123.25911135801353,97.1332330020017,142.229012833096,38.654206867880625,29.8571287040776,53.4878689617022,163.90999996214134,150.772985437589,176.607498430879,475.150910788305,379.197122383543,551.314893396502,126.02253503374367,113.578241427563,139.934783786105,37.2477285440604,36.5489291301666,37.6698084846501,39.8506278130216,38.6112879671035,107.95274412146,123.971102560192,0.0,360.0,720.0,0.0,3240.0,0.2734788901406935,3.7291629177912764
56,202.580927986423,532.056979659438,108.85557126103,39.9253979427844,10,model1,174.43843724765134,138.814718866602,209.107518061458,435.9250682754209,341.393918068758,599.410981443625,100.64782457542076,84.9082592198923,116.040678976701,40.19291126861718,31.7324090567391,49.5709024700914,182.72715537734436,170.565715283986,202.580927986423,468.4583882837913,407.84596907734,532.056979659438,108.10004295778633,103.163953226021,112.280604386308,35.489934972484,31.7324090567391,39.9253979427844,38.5921705748284,40.3710542968685,87.6469433573347,107.594002068266,0.0,168.0,528.0,1608.0,1968.0,0.380750437171864,2.7264742280227896
57,156.058728337621,422.493541686538,99.1150882325731,37.7881497776959,10,model4,165.8690829665064,139.222022430384,194.404087701755,379.7574187395052,288.471101384122,504.881247473776,97.12056817985994,79.9691820938562,129.223380075928,41.23465744699063,35.0951679953566,52.118697685336,168.08722703471767,156.058728337621,182.053854343058,405.10521968170366,371.933352838717,422.493541686538,92.73508920739907,82.7345920090596,99.1150882325731,42.8824371702186,37.7881497776959,50.0385615403219,36.4382654138342,42.3432554103332,112.996052355781,80.5132997172011,0.0,672.0,4272.0,312.0,1032.0,0.369375416592831,2.6229144901971453
58,184.98826669832,491.479553492263,101.513172958698,37.7367843167884,5,model1,186.25080147772488,154.57519571089,211.179295183362,465.88559628082004,382.608781580128,583.303565507167,99.50402211204255,74.681937326882,116.64277130618,39.13410805596825,29.9205099732099,51.3124707447221,183.8134014828057,167.892003216978,198.559934533119,482.058761692934,477.286274684901,491.479553492263,95.81375225772403,89.8799830503229,101.513172958698,37.71099625936274,33.5115145055467,41.8846899557531,30.4477544711778,36.6932058268144,100.264394342002,107.144825482163,0.0,1920.0,480.0,840.0,840.0,0.37639056397661835,2.690032341295819
59,167.677354464666,418.758488247134,102.669403388269,43.6339302916231,17,model3,167.07054328060568,125.434768406687,192.060143386369,426.96857224624654,367.505267765842,503.351513112305,100.68818562068073,82.077195855969,117.825144492564,40.96561801339322,33.1349389881336,48.399911976396,173.55522282588265,167.677354464666,182.147218373569,425.5494187941836,418.758488247134,429.818226025479,106.62947050085967,102.669403388269,110.751403456658,45.72504253327573,43.6339302916231,48.399911976396,39.592063200757,38.8986589349346,97.3581019859003,109.98300061052,0.0,24.0,1464.0,384.0,2184.0,0.40041541549671067,2.3529716518570862
60,174.453160854131,501.675931608381,94.0618095839138,47.1910668954755,3,model4,169.57703766916765,131.930187648131,202.385447622342,458.74231633384534,367.687906602676,596.340845538215,100.92460910133586,84.5262419588314,121.21382147817,41.05829711878915,34.5196047340439,48.2192409340512,159.29805046195568,148.614077486128,174.453160854131,519.4497442343027,460.332455556312,596.340845538215,104.80677778303827,94.0618095839138,114.535274041602,46.086751536899065,44.5749079342422,47.1910668954755,37.0951317370288,42.4558516925131,84.5262419588314,93.4015630300244,0.0,3024.0,2304.0,864.0,504.0,0.3477407416120017,1.99321214328638
61,171.854340912397,461.15520492848,126.046373989826,42.1176690235767,2,model4,164.76322094890634,133.81301616142,195.168214214037,436.1500039590539,336.148808639253,531.976131483695,100.64413403472024,84.8556062940888,126.046373989826,39.64168316260972,33.1054035066931,45.6440584620828,174.92784657996,169.481057590233,183.44814123725,400.33473705107036,352.303066801879,461.15520492848,112.78275859899234,103.1782844142,126.046373989826,39.32213695478327,34.1003390113334,42.1176690235767,38.4648495030802,48.8984813974571,104.770859145677,94.1725446610226,0.0,1632.0,912.0,1632.0,192.0,0.37266052448955694,2.992719538361632
62,167.527348062701,497.195016725901,87.7444047438192,39.6424491554303,20,model4,172.84400531238188,137.445984337767,202.189067276411,450.8720045489338,369.507094441564,545.313576904196,99.5662801043776,80.4667234860461,115.348753279691,39.461224406871054,32.474748522807,50.6158062003132,181.727643937152,167.527348062701,191.184253225253,449.2544340569607,420.30486974215,497.195016725901,100.47947960844773,87.7444047438192,109.471789106243,38.9718246884552,33.7598879652516,43.5131369446837,37.834327561793,36.1314357453387,110.953119437528,84.718720972618,0.0,1632.0,192.0,1992.0,552.0,0.3369449453233606,2.2133950954038046
63,167.209441496659,404.768049812358,103.76849837654,42.4045436981085,14,model4,167.21216883693776,140.461689739442,192.895881109995,386.12752520720727,290.953151039797,507.062394980295,98.53262737402288,82.301964871471,127.114875520995,40.39775040550287,32.2567905059261,52.1817394628343,169.04405513106266,153.266715749436,186.656008147093,444.46447990593,404.768049812358,507.062394980295,89.6642928741371,82.301964871471,103.76849837654,42.63330126734173,40.8373600119987,44.658000091918,38.5169091763045,37.2215315103773,90.8526164380279,115.446625257626,0.0,1272.0,552.0,192.0,912.0,0.4130994063416675,2.4471079483414124
64,176.655123080909,482.810553929662,92.3128052155236,38.8458866823918,20,model3,171.3125400577073,142.017549802989,191.310966477524,435.806224175089,371.922506318613,562.669293956375,100.73441281814353,79.0854133799672,117.787298431056,39.67927001625884,30.1133396203465,50.0155507157104,170.4171581249,149.801980554511,184.79437073928,418.80183708411096,371.922506318613,482.810553929662,90.40402799169476,79.0854133799672,99.8138653795935,40.17676509011513,38.8287182761336,42.85569031182,36.8427480514264,47.2374441677961,106.035767787619,105.052513401464,0.0,24.0,744.0,24.0,2544.0,0.3658891075955142,2.3763855255486277
65,169.440853887103,484.040527422294,107.885910119604,46.1611895697836,15,model3,171.86995396961638,152.694776339927,193.601167448447,451.62713071186664,372.822357499249,518.151317601124,100.89165628827406,72.8297340829937,116.713960047124,41.235446434886484,33.3585276929269,46.9772315818024,177.44954410703,169.440853887103,189.203433825409,438.57720942390966,405.419035390472,484.040527422294,106.19955807385274,99.7469681827192,110.965795919235,45.31798451563086,43.1250701170369,46.6676938600721,45.8660998285609,47.7938299306835,107.19307018942,103.723373437757,0.0,480.0,480.0,120.0,2280.0,0.35005509650067324,2.3371561432435075
66,149.867036696596,490.512437566641,103.927978661865,45.2078562882163,6,model4,171.99669851820613,139.913145588147,222.495985382645,456.40482707699374,360.75150313739,534.471218151648,98.97142027107157,80.4708150306337,117.561135304931,41.22968354730446,25.7354913483575,48.259257900192,165.68454933292966,149.867036696596,189.013392642915,490.147451263924,459.064601890144,520.865314334987,93.01252598445467,83.3638998142179,103.927978661865,42.91827839159617,35.8618996880577,47.6850791985145,44.8109175843023,40.0327209080624,94.7804978247728,96.5434903598643,0.0,48.0,408.0,768.0,48.0,0.305531572521448,2.2988919381709882
67,179.633880034887,446.660527566862,95.5737393960513,53.9179270474315,14,model4,175.79157858184658,152.145784752177,207.132798642616,440.22503331549234,361.581050230512,507.558963767139,100.53275757418197,84.3377221514684,118.678131895665,47.74625319836499,33.7945892909711,61.6369933179689,184.15825616524,179.633880034887,191.019011340204,432.90103831600635,384.838126281324,467.204461099833,100.44815695434043,95.5737393960513,105.417585404164,57.16931548790746,53.9179270474315,61.5208383531195,53.4342437881397,40.3890810918565,101.695172721466,111.674681537432,0.0,2280.0,1200.0,840.0,3000.0,0.4021709297019225,1.77257811746726
68,180.733284445593,365.248306189929,96.8818784346112,45.0439191760417,10,model3,168.82585576547186,139.862612025074,201.543597445291,452.9233074358587,323.783250731128,548.26652793596,100.31563282247437,77.7521948238231,117.810421789,40.786853977227416,27.966487486912,50.5641420890121,160.28289942089032,147.246047230601,180.733284445593,424.0959910732557,365.248306189929,486.108213331716,99.30025034262,90.4865934345378,110.532279158711,41.4703173177252,37.0432450631964,45.0439191760417,38.9726624716037,47.2380727064024,88.9979203613425,81.5768201665793,0.0,816.0,96.0,96.0,816.0,0.49482305841765817,2.1508314120079954
69,152.966548983957,501.248853800413,102.250342478509,43.5759280655779,19,model2,166.0869626369465,125.685644136635,196.626350816711,449.83140755196195,366.041791517604,525.249538080162,98.74848511946067,84.5925159148781,122.8409407187,41.089008064043306,34.5095460156124,50.7643005422929,181.16622866418035,152.966548983957,196.626350816711,441.2309377306406,370.305013360323,501.248853800413,98.79410524601094,93.1025781519258,102.250342478509,41.027689709024,38.9918969876097,43.5759280655779,40.8153663410752,32.9275620890283,122.8409407187,115.076242246759,0.0,384.0,3264.0,24.0,744.0,0.3051708697566305,2.3464868029464463
70,188.135372080984,457.661580203302,89.7252506755594,42.9322012598759,9,model3,167.67381750001553,137.880487152118,188.620626822592,463.5651228047033,360.29907915532,559.740827841984,99.24947271681769,82.8965502174609,124.82170581672,41.91874195491445,31.1742929009681,51.4483094450946,177.99340121151667,169.158399466567,188.135372080984,464.928750308769,422.86616400018,514.258506722825,97.4027638600172,85.1174097102252,117.365631194267,43.3601304200102,42.3379640636426,44.8102259365121,44.7182712163123,37.0058296653373,94.0226662890077,92.4659723446523,0.0,552.0,552.0,912.0,192.0,0.4110796706735379,2.0899289100623637
71,174.028201918891,349.326012950474,111.231560641344,38.6696743943148,18,model2,164.87615840643946,134.058362801934,190.674464406522,377.9307661903272,271.355559325915,479.649412435458,100.50695162397072,88.8433749863777,118.842120861196,39.79142144790688,32.9659277892662,48.8850745958547,167.16985548416133,148.695066330996,178.786298202597,401.501716228091,349.326012950474,455.615464248942,99.15555483385197,90.8374556924529,111.231560641344,43.383748961436766,38.6696743943148,48.8850745958547,35.0370994321495,39.074328761044,112.635775932257,102.435357543183,0.0,1320.0,2400.0,240.0,2040.0,0.4981827718778596,2.876454469997885
72,183.17686142004,381.242172004566,104.658440583155,38.5049975194979,2,model4,168.68827779260897,151.134908089021,207.945040790279,379.79456224530514,261.278398596574,462.732734933775,119.99958813502683,101.025216387225,138.646776489006,39.81984318522072,31.9636622359805,48.3442918801902,167.53559633286602,155.28951797036,183.17686142004,348.2774103099414,322.435106844018,381.242172004566,120.24483928447098,104.658440583155,135.211713207311,38.3646138812605,36.8021025067432,39.7867416175404,48.3442918801902,41.7810784700283,107.277515190568,106.055340414902,0.0,1392.0,3552.0,1752.0,312.0,0.4804737628484931,2.718048165361149
73,181.705663556759,515.611791795487,108.04881047317,47.7270318047549,20,model2,166.64685871719996,130.926570308786,193.547370247236,459.245203559589,394.026229992238,566.270870311019,97.21058098311573,82.6146693310683,123.455453853935,40.11952462074853,28.0585095080502,50.1821227163735,176.10096882390064,165.670833468544,181.705663556759,495.42083339036964,404.379838064603,566.270870311019,99.44786763639263,89.4177261171189,108.04881047317,44.906496676610175,38.6736403694215,48.3188178556541,37.4804263735513,36.6275202154087,90.076310561914,116.510770652871,0.0,96.0,1536.0,456.0,1176.0,0.35240788922147676,2.263891218948885
74,188.299688287352,494.616310112328,101.785150065367,41.6096646067076,4,model4,167.42336732657256,139.47208324564,203.299410737037,446.464600447043,339.536326375741,521.96310048398,99.17438338015573,81.5459261796608,122.864730194277,40.90853070287101,31.7441897029321,49.9847767325459,161.02900116340433,146.997302492115,188.299688287352,460.790583621002,435.992120549901,494.616310112328,101.61567878409484,95.6628730763905,107.399013210527,39.93526788667037,38.1490148365096,41.6096646067076,49.9847767325459,47.6058228515532,97.4487464150592,92.419644358403,0.0,2112.0,672.0,1392.0,312.0,0.38069850115514875,2.4461900517883266
75,194.304345665641,506.924585604539,101.655917310663,46.4215159720996,19,model3,187.43715916820202,153.892840541185,220.22421658076,430.6548930340448,307.419926854613,544.910267181351,100.27438160590657,83.7739516122235,117.63209582938,39.26613986868344,29.3421064196044,53.8669364023249,202.23604172291132,194.304345665641,212.162932663775,474.3025198957134,441.98214198972,506.924585604539,105.00123341607532,101.655917310663,108.530850198637,37.48394653710117,31.0215416361626,46.4215159720996,29.3421064196044,45.2079456455114,86.7721680609699,104.30900689066,0.0,3576.0,336.0,1056.0,2496.0,0.38330029909798263,2.1898447948558113
76,175.176498936929,491.34506750422,116.362892014148,37.4191372141602,10,model2,176.640064098721,142.785179996129,227.804537619791,463.0070068551839,311.016131520976,601.189422553654,98.56669427753097,85.8435466868379,116.362892014148,38.811343410886046,27.0238671576525,48.7248936697866,197.13355509955568,175.176498936929,227.804537619791,439.202926943533,374.077801536758,491.34506750422,99.84935369939808,91.476543380244,116.362892014148,41.80852040279917,37.4191372141602,44.3387076449334,43.2755124488332,45.6590349113163,96.2877342479701,108.735153178983,0.0,72.0,2592.0,432.0,1872.0,0.3565243861512868,3.109715978710429
77,183.235718892148,480.994164667305,82.7485006439007,40.2639020592407,12,model4,177.6573922115077,143.88580505293,202.108514953206,464.912917601477,351.293473506346,563.602890837852,103.39277141427495,82.7485006439007,120.960473900036,38.7338718250192,25.5464227819216,48.316813326549,172.08633192736897,151.198700044286,183.235718892148,463.601918021979,357.044546160156,552.767043238476,100.16665703226856,82.7485006439007,110.71185716859,37.809479418318666,36.5341244657748,40.2639020592407,41.7155363219278,38.5847242416563,110.502552726557,101.143104481653,0.0,3120.0,600.0,240.0,240.0,0.38095206131645437,2.0551534838078656
78,185.582254755595,485.529818890999,84.2220612770539,47.7680370323435,19,model4,191.4571710924056,160.339413201314,225.889446737994,451.2007006286946,340.033452398863,551.001197533176,99.19482518894652,84.2220612770539,120.311624278324,41.171381195262306,31.9100436301162,57.7257282204725,181.56293316806068,173.593850389138,185.582254755595,475.88464107550095,461.954923440926,485.529818890999,89.40111071792391,84.2220612770539,92.4671264417461,42.77453062715094,33.5095427687362,47.7680370323435,45.8889830328252,45.4125461647386,89.8752546714592,88.1753119799219,0.0,2160.0,360.0,0.0,360.0,0.38222627561219213,1.7631467555780198
79,170.478829949451,332.496518666993,98.4819938364741,37.2356091133316,14,model3,174.72110425520688,150.861708532699,201.472979209253,364.55222486015094,263.316703320057,455.488546459184,100.5481210682816,74.1030623364064,123.086165828605,40.339258264546736,32.3986277290604,50.0343033047395,166.44255479072703,159.103197770184,170.478829949451,361.0826107132977,332.496518666993,377.87235095533,102.29557721943927,97.5415762911817,110.863161530662,41.34936942713046,37.2356091133316,43.9359680153176,40.133925698157,40.5124967292883,104.49180238462,99.2070070530669,0.0,816.0,2616.0,96.0,456.0,0.5127236523263209,2.6448336293330734
80,161.435535462796,490.037879241946,91.03314797053,45.8728783060265,6,model3,192.16410441266646,161.435535462796,214.643935337886,441.26604282330385,334.541070722488,532.052589012228,97.0689199941071,78.9667240274658,120.301859580891,39.328683384302984,32.3963104065076,47.7798900818269,188.977480935093,161.435535462796,214.643935337886,476.17111022759633,468.766420344298,490.037879241946,94.91932868425981,91.03314797053,97.9330722936237,41.636190002032464,39.3416537280012,45.8728783060265,37.8698550248878,47.1183052976226,102.42772170499,92.4391058805613,1.0,192.0,192.0,912.0,552.0,0.3294348089643408,1.9844655349238263
81,189.033648255377,428.391098140869,129.336372799514,43.5681120440744,1,model4,172.30318319020023,145.205789873895,214.721640955955,459.35074927303936,337.744700484808,568.058102344125,117.4146183022255,82.2678878230096,142.159339862951,41.09345596039654,30.4527373974665,51.0316195501586,172.15302526456665,148.176053012795,189.033648255377,434.35108505755534,428.391098140869,445.427653809018,135.219558142686,129.336372799514,142.159339862951,40.6748898973613,35.9553825858062,43.5681120440744,38.6655644269489,39.9472112299662,117.748867801993,106.631381112441,0.0,1176.0,96.0,456.0,96.0,0.4412641827397458,2.9686016621531137
82,159.557194543136,361.764739185282,103.36805423145,47.3393888710757,11,model3,168.85220172674107,134.413104839648,190.382814036408,462.9411625218989,351.063368826514,563.765736019158,99.65391197410078,77.4590655450153,128.725798471886,50.07800825198452,43.1289495576754,63.9182703461205,169.08238900586232,158.639471800761,189.05050067369,445.0670757033674,361.764739185282,501.763868245475,99.62908863421598,94.1721077621339,103.36805423145,48.101242019276064,43.1289495576754,53.8353876290771,44.1206730263687,57.9696893032763,103.60474468794,100.298445404302,0.0,192.0,552.0,552.0,2712.0,0.4410523658591408,2.1835527351105077
83,157.386095607309,454.29749580704,118.931450498928,39.1900672116026,18,model4,162.7156732201122,123.01366472904,195.144976127585,466.2534491070185,387.378411999353,545.679884791468,101.92445435791069,76.7256106298085,129.05293312093,39.547103836156744,31.3661018521943,47.2613643613338,169.43432269973835,155.771896364321,195.144976127585,470.90030500235366,434.444164906716,523.959254293305,103.87778554076006,92.7358722884922,118.931450498928,38.78520078848874,35.6817240957603,41.4838110581033,42.2165643715202,40.8879621984095,95.69763397311,103.154812375386,0.0,120.0,120.0,1560.0,840.0,0.3464383949140661,3.0347344601895125
84,182.083427946851,454.272283096292,99.8796998058974,44.5748571294145,9,model3,168.95686715199153,146.975385207235,211.64313662547,433.7229714109105,270.2905172863,574.502215399625,101.45727688669399,74.1571816590859,123.422177678105,39.29086078753457,28.7711309388499,48.00694172295,170.19750252925033,146.975385207235,182.083427946851,410.3511787553327,351.784187384898,454.272283096292,99.51542149403083,95.8560745835601,102.810490092635,38.588468531533564,34.514763099064,44.5748571294145,42.5771246961424,37.9152847173117,100.749459701598,93.348125595715,0.0,24.0,24.0,384.0,384.0,0.4008244269383047,2.2407182882313608
85,212.383152655139,408.992715011146,88.9915104249527,33.496591184051,16,model1,193.3620024604095,160.535380051178,220.216421735919,422.96019838542543,334.835872837859,491.266706027541,99.14700947703047,82.5146219186645,117.034881452697,39.68211275101834,29.0813688570776,46.2042126197497,195.09953714568167,164.345938307567,212.383152655139,447.39190606003496,408.992715011146,478.474218804918,90.91326290887707,82.5146219186645,101.233656383014,40.71328723259976,33.496591184051,46.2042126197497,37.149736242702,33.8312845284847,111.750907275569,103.731253508553,0.0,1224.0,864.0,504.0,144.0,0.5192834599268293,2.656733256206431
86,211.54840025308,434.175407697941,83.2524342454545,41.8636670936128,2,model3,188.8651558290516,160.109030852272,221.313398523018,438.7541115974406,317.842502411412,518.955898824932,95.72962909595276,82.2144575736652,116.39899537249,40.07695364380066,28.8200717811306,52.8722833877098,194.36086038923267,178.995162384329,211.54840025308,417.3515854950337,404.301507942577,434.175407697941,94.9284360052577,83.2524342454545,106.859591297853,43.8648426842183,36.8585775713323,52.8722833877098,37.3112571993749,35.0755680091657,103.234240704642,104.716385231654,0.0,1392.0,312.0,672.0,312.0,0.4872417829639351,1.988655988273432
87,196.229552484393,477.10686506939,97.6164654832927,44.7025298066997,12,model2,169.33768597031693,138.679782010815,209.172503243747,434.6735250488782,320.980927320907,513.458458725531,100.01421271688086,75.3459613382272,128.109122238122,40.019786388258346,32.7695767174737,48.9342121594312,171.38550974787032,138.679782010815,196.229552484393,435.27370936402394,348.996034029246,479.718228993436,107.00374119787632,95.2856358722143,128.109122238122,45.0990941236869,43.8285028209732,46.7662497433878,32.7695767174737,43.4157391186014,99.8834233087694,95.4441705249136,0.0,576.0,2016.0,216.0,936.0,0.4112905649441095,2.183689910206664
88,161.460060047185,425.834257180103,134.479604737469,47.5574705212396,14,model4,171.5620820028581,131.950344654846,210.860468642415,459.98992840010015,367.621947417134,538.648835917578,126.45268200275295,98.0613965257687,141.68190566386,38.628331338736096,28.8773672387148,47.5574705212396,159.17666255265735,146.621912498346,169.448015112441,443.1144282589773,367.621947417134,535.887080179695,124.955942301157,116.972676933405,134.479604737469,44.00966388005764,39.3249856409007,47.5574705212396,45.3118200230352,49.7188813327026,105.61883583056,111.434872907081,0.0,48.0,768.0,2208.0,768.0,0.37916174414247533,2.827728229357383
89,196.957527657063,463.567145686159,93.4285179530551,33.5100082584706,17,model3,172.6825734237004,137.200527475748,199.739505449768,447.9043827324095,323.330069411197,547.795657430538,100.76289120584936,82.5176856346658,125.871180151993,38.680503259707,29.6679826476763,45.7031848702363,165.69211132894566,144.251467509225,196.957527657063,438.73957845413133,389.311999140501,463.567145686159,102.88623409274636,93.4285179530551,112.637193208947,37.50659629865803,33.5100082584706,41.7687095026795,41.2168081046869,32.5971959070609,91.8539525898144,98.4092642894488,0.0,672.0,1032.0,312.0,4632.0,0.4248737837981556,2.7880779510509512
90,172.245345148503,356.830322327429,104.220166005515,49.8485389309689,2,model2,170.89980650414932,138.27773736111,208.978388788544,439.9994150652562,343.262026088806,516.53111622219,104.14541360301386,89.4268887975046,125.570001757325,38.99658197791344,29.2828026978244,53.2689961282273,163.93856439355832,158.40855069932,172.245345148503,366.190330300963,343.262026088806,398.478642486654,98.88219580573953,89.4268887975046,104.220166005515,42.78288866574909,37.9894701710748,49.8485389309689,33.9527088193287,44.4693767350588,111.163359212138,100.961884100535,0.0,24.0,744.0,1104.0,1464.0,0.48270938283025333,2.090736582251774
91,165.002635658881,473.41070042772,75.5593021704725,38.272293032201,17,model4,165.8791802898673,137.134341373309,190.639367419997,457.71215369707943,366.072952001666,560.537258719625,97.3633888842619,75.5593021704725,114.764551975867,40.12507599828878,31.5864170497283,47.2448640569123,169.711582251736,165.002635658881,172.246493735797,434.95610959694596,386.908486206398,473.41070042772,87.6551848989335,75.5593021704725,106.178161866588,39.25478780833166,35.511649643837,43.980420748957,45.0809024844826,38.0578495640822,98.7619747237858,93.8762293811412,1.0,96.0,2256.0,96.0,1536.0,0.3485401474053359,1.9742558966258856
92,182.828969447166,479.911861271113,79.8223299557811,30.2287187368709,2,model1,173.2039034123164,152.940561821185,199.568981442839,461.8949420196762,373.982588518979,544.05481136066,99.37028730691542,79.4906519520025,124.471344629999,37.74681523334655,23.6253548051478,56.3951736338757,184.42055283246,175.033127938564,195.39956111165,469.43861061127365,441.632633309119,486.771337253589,96.46515760222503,79.8223299557811,106.019841088637,32.77519117911233,30.2287187368709,36.5835594561384,33.6561688396487,45.9677697209399,94.3220227095544,97.8336696294104,0.0,2544.0,2184.0,24.0,384.0,0.38096363899394886,2.6406123266417847
93,186.324464128144,459.33785646312,114.542400983953,48.1912454475898,18,model3,176.23078027291206,157.03008153758,202.858467335514,445.73882636496336,352.047138424157,526.581378709705,95.67471584850095,81.9566654032114,116.898585226841,49.27792589572116,39.0310652731839,58.5927103580549,178.71170919589898,166.943544798217,186.324464128144,434.32315844777196,352.047138424157,491.584480456039,95.64799919621623,82.0689539969403,114.542400983953,51.01343900382184,46.2563612058208,58.5927103580549,47.5921364755251,53.9644883220957,94.3167932812194,107.75267084656,0.0,120.0,1200.0,840.0,5520.0,0.40563707323667286,2.376830014316462
94,171.397960878048,560.595201929576,117.687660959995,39.1919117177192,18,model2,175.26507009914243,150.581574649124,191.330100089138,457.2681649250769,378.690350226832,571.477741434094,108.24370007987409,82.6587408553342,134.427369801691,41.749627773915954,34.5987939383045,53.777399527992,179.92552652325801,171.397960878048,187.95278852012,455.8943401227023,387.657668926974,560.595201929576,123.553492124958,117.687660959995,132.867562157988,42.098160083736666,39.1919117177192,46.3960708404852,36.1640693384474,30.4414927332243,132.937860001643,85.0365070239474,1.0,672.0,312.0,1392.0,1032.0,0.3057428247376202,3.0028557628111576
95,189.171616064859,438.858153852747,87.6816134521139,43.9061118818258,18,model2,175.30918369833535,155.95054760534,197.167490345057,441.65016965393085,325.856838414968,578.182827710612,99.60780899262892,81.9968365740231,127.656962300994,39.89735871195101,24.4599325011401,50.2072284581825,179.46542375418866,167.419408025345,189.171616064859,387.48720226515735,325.856838414968,438.858153852747,98.22264330451371,87.6816134521139,109.751838384497,42.519700737320164,38.1970824158062,45.4559079143285,34.7130811267677,50.2248886905406,99.8082078301955,122.983616563268,0.0,24.0,24.0,1104.0,744.0,0.4310541207291294,1.9970251907316585
96,157.157423976996,380.691266359316,102.885776600583,35.4457394244715,10,model2,168.0683102638599,129.156343491533,202.861352288616,446.8462255040604,360.998545866298,520.313612998545,102.14581797299324,81.8182804828592,127.470057285671,40.22322628729281,30.7361131580488,48.4263719380684,157.23525572933966,129.156343491533,185.39199971949,420.66780840805296,360.998545866298,520.313612998545,101.03186185390439,95.9915935643242,104.218215396806,39.4357709441932,35.4457394244715,42.4066643491911,39.4523295781547,44.2811492195417,84.4865513533031,99.6370846131634,0.0,72.0,3672.0,72.0,432.0,0.41282119515671145,2.9026273783111995
97,159.607755973487,458.143798758613,100.94522957796,40.0115992113266,14,model2,173.63657776420197,151.618280995724,194.995971334525,461.51334095668904,347.319414492521,525.019752453731,95.92461376304675,60.6952425313813,112.734141343105,40.739210929213606,31.8962078091312,49.5840517835384,179.82573871863033,159.607755973487,194.995971334525,427.27318922069827,400.394425570945,458.143798758613,92.70689271172694,82.2017154052418,100.94522957796,39.130658631309366,36.2264199482944,41.1539567343071,32.4597596304518,38.3234308779862,98.4415326813472,87.8441575122945,0.0,648.0,648.0,2808.0,288.0,0.3483791684130205,2.5228990853853466
98,165.717790148792,501.52019445822,114.55341218885,37.6965040451894,20,model2,170.40302602524562,135.603724071452,201.139660719194,447.9208307255962,359.260698648524,526.828640509993,124.66123076769964,105.127837342943,144.636681676669,40.742866948052374,34.6662952570976,52.2495116399778,172.60878640337367,158.354200744901,193.754368316428,447.18243557386563,389.828191387683,501.52019445822,121.22537610702899,114.55341218885,127.851932389019,38.5660160430659,37.6965040451894,39.8000551729027,37.3211103672762,35.7456230967069,117.467660756948,123.282847353669,0.0,2304.0,144.0,864.0,1224.0,0.3304309410658567,3.038833760623881
99,168.439622661931,427.990029353108,107.899978732345,44.1931507280708,14,model1,167.2759187464808,134.562385225805,191.505729848893,459.75956509181896,376.013109034455,542.069837028489,101.3405740997136,91.7570119768251,123.763248455849,41.33830480934969,33.8655730725632,51.6424488175338,181.78972067484335,168.439622661931,191.505729848893,421.0717856483293,416.284421587986,427.990029353108,102.82776251894906,99.5645614969592,107.899978732345,41.8012407609142,38.00632851226,44.1931507280708,35.3915023894096,33.2560472849002,98.37906222474,96.4793615371884,0.0,2592.0,72.0,792.0,432.0,0.39355968764730787,2.441554279637599
100,171.336036580394,496.096869576299,79.095538105869,37.8452454584222,5,model4,173.77042798290327,138.506098323508,204.1909372551,456.7743449410339,356.662575961415,578.429998881739,100.5072208465013,79.095538105869,117.426339735606,40.1662660726531,27.4570010705546,50.8322099241915,176.43158697618068,165.475309950353,192.483414397795,452.56168792626664,413.771669962722,496.096869576299,92.4364825683424,79.095538105869,104.081072850263,43.66502171549743,37.8452454584222,48.3145610293858,35.123071662347,40.1334871939949,98.1806067830775,101.671562845538,0.0,1992.0,192.0,1992.0,1272.0,0.3453681059938127,2.089972863375734
