model,class,precision,recall,f1-score,support
Logistic Regression,No Failure,0.999956307420986,0.9761950001357184,0.9879328004144053,515774.0
Logistic Regression,Failure,0.44548821244693343,0.9977746307910176,0.6159610340951668,9886.0
Logistic Regression,macro avg,0.7227222599339597,0.986984815463368,0.8019469172547861,525660.0
Logistic Regression,weighted avg,0.9895285183807061,0.9766008446524369,0.9809371894076101,525660.0
Decision Tree,No Failure,0.9998273832266924,0.9994765149076922,0.9996519182793322,515774.0
Decision Tree,Failure,0.9731796960365551,0.9909973700182075,0.9820077181376234,9886.0
Decision Tree,macro avg,0.9865035396316237,0.9952369424629499,0.9908298182084778,525660.0
Decision Tree,weighted avg,0.9993262246154955,0.9993170490431077,0.9993200867483026,525660.0
Random Forest,No Failure,0.9999941779904752,0.9990480326654697,0.9995208814230016,515774.0
Random Forest,Failure,0.9526701368806632,0.9996965405624115,0.9756169792694965,9886.0
Random Forest,macro avg,0.9763321574355692,0.9993722866139406,0.987568930346249,525660.0
Random Forest,weighted avg,0.9991041626375634,0.9990602290453906,0.999071324719639,525660.0
XGBoost,No Failure,1.0,0.9993543683861537,0.9996770799493802,515774.0
XGBoost,Failure,0.967413641256483,1.0,0.9834369559810993,9886.0
XGBoost,macro avg,0.9837068206282416,0.9996771841930768,0.9915570179652398,525660.0
XGBoost,weighted avg,0.9993871537827904,0.9993665106722976,0.999371654644905,525660.0
