feature,importance
total_errors_rolling24h,0.246259699395333
volt_rolling24h_mean,0.0679859922457032
rotate_rolling24h_mean,0.05919939871766519
rotate_rolling24h_min,0.04885094805529251
vibration_rolling24h_mean,0.044804091271241735
rotate_rolling24h_max,0.03913525856171023
time_since_last_maint_comp2,0.03045299513083621
vibration_rolling24h_min,0.027362918966997066
volt_rolling24h_min,0.026499280229261287
time_since_last_maint_comp3,0.025258717083095933
pressure_rolling24h_min,0.024967067719653215
vibration_rolling3h_mean,0.02461518330832088
time_since_last_maint_comp4,0.024054797003840774
time_since_last_maint_comp1,0.02353777181586664
vibration_rolling24h_max,0.02231554174241968
pressure_rolling24h_mean,0.02195632784773639
rotate_rolling3h_mean,0.019416452208636747
volt_rolling3h_mean,0.016862841367310623
volt_rolling24h_max,0.01622927950360261
rotate_rolling3h_max,0.015252800795838605
pressure_rolling3h_mean,0.01488115738740395
pressure_rolling24h_max,0.0114468803515104
pressure_rolling3h_max,0.011337858245295486
vibration_rolling3h_min,0.011106484915848562
pressure_rolling3h_min,0.008686907453263759
pressure_lag3h,0.008607427121334657
vibration_lag3h,0.0073969317800632595
rotate_rolling3h_min,0.007252836876866827
volt_rolling3h_min,0.006935217393165417
vibration_lag24h,0.005423917688138372
age,0.005344978264838857
month_cos,0.004847833326804479
pressure_lag24h,0.004640888361077405
sensor_anomaly_score,0.004485927119200066
month,0.003956584696460726
vibration_rolling3h_max,0.003815025312478809
pressure,0.0033877585463549104
pressure_lag1h,0.0033785265286338075
month_sin,0.003327886576997444
volt_lag3h,0.003266650645394876
volt,0.0030970455463117243
cumulative_maint_comp1_30d,0.0026788656071684135
cumulative_maint_comp3_30d,0.0024603394702248497
volt_lag1h,0.002240931369919228
volt_rolling3h_max,0.0022029197406182974
model_model4,0.0021874497508213016
vibration_lag1h,0.002047355350506513
rotate_lag1h,0.0019537404894031944
volt_lag24h,0.0019073695837496373
model_model3,0.0018229806949088343
rotate_lag24h,0.001633206087534896
pressure_vibration_ratio,0.0016271736189719024
cumulative_maint_comp4_30d,0.0013910391742667464
vibration,0.0013867515620474135
dow_sin,0.00136454070505893
rotate_lag3h,0.0013197465150214505
rotate_rolling24h_std,0.00124244384086366
day_of_week,0.001121457548924007
pressure_rolling24h_std,0.0009251511183285843
volt_rolling24h_std,0.0007834776102908288
model_model2,0.0007517708807255803
vibration_rolling24h_std,0.0007482681930824909
rotate,0.0007382349597640267
volt_rotate_ratio,0.0007160346475392454
cumulative_maint_comp2_30d,0.0006487382194202947
is_weekend,0.00044197239136333237
total_errors,0.00039885112507870616
dow_cos,0.00032565192249765546
rotate_rolling3h_std,0.00022977119654047165
volt_rolling3h_std,0.00018121483675959587
vibration_rolling3h_std,0.00014970419988181017
pressure_rolling3h_std,0.0001466488361939572
hour_of_day,0.00012685514801244997
hour_sin,9.961718640797913e-05
hour_cos,9.759756956057836e-05
error_error2,6.365872857502199e-05
maint_comp2,5.861075679778127e-05
error_error5,3.6250010053014736e-05
maint_comp4,2.839619534349917e-05
maint_comp1,2.418501919037973e-05
error_error1,2.0128802780536732e-05
error_error3,1.7825002534154628e-05
error_error4,6.728331660849864e-06
maint_comp3,4.258893801573556e-06
