model,mean_fit_time,std_fit_time,mean_score_time,std_score_time,param_clf__solver,param_clf__max_iter,param_clf__C,params,split0_test_score,split1_test_score,split2_test_score,split3_test_score,split4_test_score,mean_test_score,std_test_score,rank_test_score,split0_train_score,split1_train_score,split2_train_score,split3_train_score,split4_train_score,mean_train_score,std_train_score,param_clf__min_samples_split,param_clf__min_samples_leaf,param_clf__max_depth,param_clf__criterion,param_clf__n_estimators,param_clf__max_features,param_clf__subsample,param_clf__learning_rate,param_clf__gamma,param_clf__colsample_bytree
Logistic Regression,24.610110807418824,18.808083334542435,0.01525578498840332,0.005734973344474558,saga,2000.0,100.0,"{'clf__solver': 'saga', 'clf__max_iter': 2000, 'clf__C': 100.0}",0.5254515599343186,0.5217391304347826,0.5301724137931034,0.5803108808290155,0.44200626959247646,0.5199360509167393,0.04439960802662946,8,0.6106346483704974,0.560717196414018,0.5096359743040685,0.5869469995619798,0.47776510832383123,0.5491399853948791,0.0489896635605267,,,,,,,,,,
Logistic Regression,4.0959801197052,2.332518828063433,0.010483789443969726,0.0037105917573473416,saga,500.0,0.1,"{'clf__solver': 'saga', 'clf__max_iter': 500, 'clf__C': 0.1}",0.46938775510204084,0.5316901408450704,0.5296803652968036,0.6119402985074627,0.4878048780487805,0.5261006875600316,0.04918418571540604,7,0.5502318392581144,0.585531914893617,0.512107161257084,0.6001821493624773,0.5329949238578681,0.5562095977258321,0.032597739685750804,,,,,,,,,,
Logistic Regression,0.12230634689331055,0.060684590139138635,0.010062551498413086,0.005477522201828092,lbfgs,1000.0,10.0,"{'clf__solver': 'lbfgs', 'clf__max_iter': 1000, 'clf__C': 10.0}",0.5936920222634509,0.5514705882352942,0.5900514579759862,0.6046511627906976,0.5394990366088632,0.5758728535748584,0.025554928257449167,1,0.6857142857142857,0.6097777777777778,0.5709362435381964,0.5885964912280702,0.5858938547486033,0.6081837306013866,0.04069742440704929,,,,,,,,,,
Logistic Regression,0.11982879638671876,0.03944706404015937,0.007133340835571289,0.0007618105045826137,lbfgs,500.0,100.0,"{'clf__solver': 'lbfgs', 'clf__max_iter': 500, 'clf__C': 100.0}",0.5936920222634509,0.5524861878453039,0.589041095890411,0.6046511627906976,0.5384615384615384,0.5756664014502804,0.02555560987263426,2,0.6857142857142857,0.6108637577916296,0.5706084959816303,0.5885964912280702,0.5858938547486033,0.6083353770928438,0.04076874122926213,,,,,,,,,,
Logistic Regression,0.13991475105285645,0.06632543879570355,0.008562850952148437,0.0003226207198969619,lbfgs,2000.0,0.1,"{'clf__solver': 'lbfgs', 'clf__max_iter': 2000, 'clf__C': 0.1}",0.5869565217391305,0.5494505494505495,0.590443686006826,0.6024955436720143,0.5353728489483748,0.5729438299633791,0.025843440634501537,3,0.6728971962616822,0.6054721977052074,0.5696275071633238,0.5871559633027523,0.5867132867132867,0.6043732302292504,0.036089651722083595,,,,,,,,,,
Logistic Regression,4.320200681686401,2.29868269671082,0.013953590393066406,0.004981112314407295,saga,500.0,100.0,"{'clf__solver': 'saga', 'clf__max_iter': 500, 'clf__C': 100.0}",0.5370675453047776,0.5418181818181819,0.5094614264919942,0.5535420098846787,0.43343653250773995,0.5150651392014745,0.04330111261399376,9,0.6078098471986417,0.6063268892794376,0.4858260019550342,0.5314629258517034,0.4961561206386753,0.5455163569846985,0.052488608484730505,,,,,,,,,,
Logistic Regression,8.250076723098754,4.306028824962105,0.012592649459838868,0.004905561812539098,saga,1000.0,1.0,"{'clf__solver': 'saga', 'clf__max_iter': 1000, 'clf__C': 1.0}",0.5096774193548387,0.4934210526315789,0.48409405255878285,0.5641891891891891,0.4177777777777778,0.49383189830243346,0.047075370632671636,10,0.59,0.545311268715524,0.47423664122137404,0.5626576955424727,0.4600219058050383,0.5264455022568818,0.050683870424874516,,,,,,,,,,
Logistic Regression,0.09668793678283691,0.0412095330890762,0.010441923141479492,0.005558702864555006,lbfgs,500.0,0.1,"{'clf__solver': 'lbfgs', 'clf__max_iter': 500, 'clf__C': 0.1}",0.5869565217391305,0.5494505494505495,0.590443686006826,0.6024955436720143,0.5353728489483748,0.5729438299633791,0.025843440634501537,3,0.6728971962616822,0.6054721977052074,0.5696275071633238,0.5871559633027523,0.5867132867132867,0.6043732302292504,0.036089651722083595,,,,,,,,,,
Logistic Regression,0.07469124794006347,0.03348039437745246,0.006815862655639648,0.0004914669334139569,lbfgs,1000.0,0.01,"{'clf__solver': 'lbfgs', 'clf__max_iter': 1000, 'clf__C': 0.01}",0.582010582010582,0.5402504472271914,0.5819397993311036,0.5961199294532628,0.5394990366088632,0.5679639589262007,0.02351034216953024,5,0.6497277676950998,0.5938037865748709,0.5701149425287356,0.5852594853903184,0.582234559333796,0.5962281083045642,0.027806899931565533,,,,,,,,,,
Logistic Regression,15.888805818557739,9.379592015360162,0.006759738922119141,0.0004821204888262725,saga,2000.0,0.1,"{'clf__solver': 'saga', 'clf__max_iter': 2000, 'clf__C': 0.1}",0.6130268199233716,0.5457875457875457,0.49279538904899134,0.5487012987012987,0.49731663685152055,0.5395255380625456,0.043568667474466784,6,0.6768642447418738,0.6042031523642732,0.49330024813895784,0.539046856227473,0.5487765089722675,0.5724382020889691,0.06301029107236998,,,,,,,,,,
Decision Tree,0.6300894260406494,0.39588923460939796,0.0059372901916503905,0.001289056119225141,,,,"{'clf__min_samples_split': 5, 'clf__min_samples_leaf': 8, 'clf__max_depth': 10, 'clf__criterion': 'gini'}",0.575,0.5809128630705395,0.6407766990291263,0.6540880503144654,0.5562632696390658,0.6014081764106394,0.03867961205943958,8,0.7541666666666667,0.6808923375363725,0.6719681908548708,0.6969387755102041,0.6878264363198071,0.6983584813775842,0.029082663900215862,5.0,8.0,10,gini,,,,,,
Decision Tree,0.5084163188934326,0.26645103871994813,0.006035709381103515,0.0017204803696328997,,,,"{'clf__min_samples_split': 2, 'clf__min_samples_leaf': 4, 'clf__max_depth': 10, 'clf__criterion': 'entropy'}",0.8148148148148148,0.7823529411764706,0.8563829787234043,0.8494623655913979,0.8271604938271605,0.8260347188266497,0.026476868492180228,2,0.9211195928753181,0.9310344827586207,0.9423791821561338,0.9446749654218534,0.9283387622149837,0.9335093970853819,0.008828487047385284,2.0,4.0,10,entropy,,,,,,
Decision Tree,0.594921875,0.3997209846823322,0.005827808380126953,0.001430884762379302,,,,"{'clf__min_samples_split': 2, 'clf__min_samples_leaf': 8, 'clf__max_depth': 20, 'clf__criterion': 'gini'}",0.6523809523809524,0.7700831024930748,0.7990196078431373,0.78,0.7780979827089337,0.7559163290852198,0.05263119474224513,4,0.8477751756440282,0.8634686346863468,0.8549747048903878,0.8689567430025446,0.872579001019368,0.8615508518485351,0.009090216198075289,2.0,8.0,20,gini,,,,,,
Decision Tree,0.4309847354888916,0.262522810632378,0.0047931671142578125,0.0004041152576911165,,,,"{'clf__min_samples_split': 20, 'clf__min_samples_leaf': 8, 'clf__max_depth': 10, 'clf__criterion': 'entropy'}",0.7865707434052758,0.7354497354497355,0.8170426065162907,0.7969924812030075,0.7687861271676301,0.7809683387483879,0.027603849005507376,3,0.851764705882353,0.8550548112058465,0.878682842287695,0.8829993535875889,0.8901613742842269,0.8717326174495421,0.015438463397854893,20.0,8.0,10,entropy,,,,,,
Decision Tree,0.5261543750762939,0.35477918693183297,0.0058077812194824215,0.0013376767336159326,,,,"{'clf__min_samples_split': 5, 'clf__min_samples_leaf': 1, 'clf__max_depth': 8, 'clf__criterion': 'entropy'}",0.8232044198895028,0.6139954853273137,0.6763485477178424,0.6866952789699571,0.5537190082644629,0.6707925480338158,0.08993916245160742,5,0.9731182795698925,0.7350785340314137,0.7268817204301076,0.7118290776446066,0.6903225806451613,0.7674460384642363,0.10395716817900418,5.0,1.0,8,entropy,,,,,,
Decision Tree,0.4529050350189209,0.27704268797292014,0.005854082107543945,0.0009648981922130307,,,,"{'clf__min_samples_split': 5, 'clf__min_samples_leaf': 1, 'clf__max_depth': None, 'clf__criterion': 'entropy'}",0.8146067415730337,0.8496732026143791,0.8627450980392157,0.8882521489971347,0.8488745980707395,0.8528303578589005,0.02383134854343188,1,0.9783783783783784,0.9957446808510638,0.9941176470588236,0.9956268221574344,0.9924637681159421,0.9912662593123285,0.006553360697962464,5.0,1.0,,entropy,,,,,,
Decision Tree,0.3886329174041748,0.2032131941421792,0.005164384841918945,0.0008225952491888395,,,,"{'clf__min_samples_split': 20, 'clf__min_samples_leaf': 8, 'clf__max_depth': 5, 'clf__criterion': 'gini'}",0.5142857142857142,0.4924114671163575,0.5609348914858097,0.4961948249619482,0.4697754749568221,0.5067204745613304,0.03058400184369286,10,0.6084033613445378,0.5296803652968036,0.5644796380090498,0.5182903350019253,0.5648803505224133,0.5571468100349459,0.03163872091367505,20.0,8.0,5,gini,,,,,,
Decision Tree,0.584514045715332,0.3863410866552792,0.005978822708129883,0.0007450919410631217,,,,"{'clf__min_samples_split': 10, 'clf__min_samples_leaf': 1, 'clf__max_depth': 8, 'clf__criterion': 'gini'}",0.5904365904365905,0.5731958762886598,0.6530612244897959,0.6782608695652174,0.5732484076433121,0.6136405936847151,0.043670346490798026,7,0.7402862985685071,0.6789168278529981,0.6916780354706685,0.718272775144813,0.7043298969072165,0.7066967667888406,0.021284501334811162,10.0,1.0,8,gini,,,,,,
Decision Tree,0.6178673267364502,0.32394099142087773,0.006509160995483399,0.0008678279943420439,,,,"{'clf__min_samples_split': 2, 'clf__min_samples_leaf': 1, 'clf__max_depth': 8, 'clf__criterion': 'gini'}",0.6029723991507431,0.5684647302904564,0.6502057613168725,0.6902654867256637,0.579957356076759,0.618373146712099,0.04557549765061266,6,0.755741127348643,0.6828793774319066,0.7012448132780082,0.7259180415114422,0.7060768912773874,0.7143720501694775,0.024809808174711814,2.0,1.0,8,gini,,,,,,
Decision Tree,0.3735175609588623,0.19783938794350062,0.005732345581054688,0.001442983509429076,,,,"{'clf__min_samples_split': 5, 'clf__min_samples_leaf': 4, 'clf__max_depth': 5, 'clf__criterion': 'gini'}",0.5331010452961672,0.49829351535836175,0.5714285714285714,0.50231124807396,0.4738675958188153,0.5158003951951751,0.03358753959487715,9,0.6209262435677531,0.5366229760986893,0.5832846288720047,0.5233281493001555,0.5679430701457133,0.5664210135968631,0.034648048321666035,5.0,4.0,5,gini,,,,,,
Random Forest,6.762315082550049,2.6721949424431877,0.06990275382995606,0.02792854828983177,,,,"{'clf__n_estimators': 100, 'clf__min_samples_split': 10, 'clf__min_samples_leaf': 1, 'clf__max_features': 'log2', 'clf__max_depth': 5}",0.8663101604278075,0.7660668380462725,0.8423645320197044,0.784037558685446,0.7362924281984334,0.7990143034755328,0.04827389911488118,9,0.9118387909319899,0.8375451263537906,0.8430873621713316,0.8177399756986634,0.790436005625879,0.840129452156331,0.0403196838362507,10.0,1.0,5,,100.0,log2,,,,
Random Forest,13.271820783615112,9.97414155747197,0.05026097297668457,0.029056910422062595,,,,"{'clf__n_estimators': 100, 'clf__min_samples_split': 2, 'clf__min_samples_leaf': 2, 'clf__max_features': 'sqrt', 'clf__max_depth': 15}",0.8459016393442623,0.9096774193548387,0.9283667621776505,0.9436201780415431,0.9310344827586207,0.9117200963353831,0.03465260171868426,3,0.9917808219178083,0.9929278642149929,0.9892682926829268,0.9912917271407837,0.9901677270098322,0.9910872865932688,0.0012700269161553257,2.0,2.0,15,,100.0,sqrt,,,,
Random Forest,2.604789304733276,1.5929209400648614,0.021074295043945312,0.0052921316076831515,,,,"{'clf__n_estimators': 50, 'clf__min_samples_split': 5, 'clf__min_samples_leaf': 1, 'clf__max_features': 'log2', 'clf__max_depth': 20}",0.7958477508650519,0.9016949152542373,0.9069069069069069,0.9207317073170732,0.9263157894736842,0.8902994139633907,0.048062639788600425,5,0.9972451790633609,0.9985775248933144,0.9960707269155207,0.997080291970803,0.9965075669383003,0.9970962579562599,0.0008502770345938546,5.0,1.0,20,,50.0,log2,,,,
Random Forest,6.1397620677948,2.7052466697292705,0.0448671817779541,0.007522120600594343,,,,"{'clf__n_estimators': 200, 'clf__min_samples_split': 5, 'clf__min_samples_leaf': 1, 'clf__max_features': 'log2', 'clf__max_depth': 5}",0.8773841961852861,0.8119891008174387,0.8280871670702179,0.8206388206388207,0.7790055248618785,0.8234209619147282,0.031764643647661836,7,0.9118387909319899,0.8843710292249047,0.8316666666666667,0.8442776735459663,0.8289085545722714,0.8602125429883596,0.03255035712201213,5.0,1.0,5,,200.0,log2,,,,
Random Forest,8.224751186370849,8.735198769646539,0.053265953063964845,0.0380640485211593,,,,"{'clf__n_estimators': 100, 'clf__min_samples_split': 2, 'clf__min_samples_leaf': 1, 'clf__max_features': 'log2', 'clf__max_depth': 15}",0.7832167832167832,0.8904109589041096,0.9014925373134328,0.9216867469879518,0.9225352112676056,0.8838684475379767,0.05178708896361421,6,1.0,0.9985775248933144,0.9950932286555446,0.9949016751638747,0.9953488372093023,0.9967842531844072,0.002098615447677604,2.0,1.0,15,,100.0,log2,,,,
Random Forest,10.645619440078736,4.843949898453856,0.07470197677612304,0.025877883283252773,,,,"{'clf__n_estimators': 100, 'clf__min_samples_split': 10, 'clf__min_samples_leaf': 1, 'clf__max_features': 'sqrt', 'clf__max_depth': 5}",0.7688679245283019,0.7047619047619048,0.8142857142857143,0.7777777777777778,0.5982905982905983,0.7327967839288594,0.07595094625789152,10,0.8418604651162791,0.7886363636363637,0.824793388429752,0.7906158357771261,0.677938808373591,0.7847689722666223,0.057137061337333324,10.0,1.0,5,,100.0,sqrt,,,,
Random Forest,5.8274397373199465,2.95556920153121,0.04731278419494629,0.006520785213762569,,,,"{'clf__n_estimators': 200, 'clf__min_samples_split': 10, 'clf__min_samples_leaf': 1, 'clf__max_features': 'log2', 'clf__max_depth': 5}",0.868632707774799,0.8010752688172043,0.8465346534653465,0.8206388206388207,0.752,0.817776290139234,0.04006758593791331,8,0.9141414141414141,0.87,0.8438818565400844,0.8405977584059776,0.8176527643064986,0.857254758678795,0.032933693610107125,10.0,1.0,5,,200.0,log2,,,,
Random Forest,2.837627077102661,1.6597966896420968,0.016840076446533202,0.0015086111101993217,,,,"{'clf__n_estimators': 50, 'clf__min_samples_split': 5, 'clf__min_samples_leaf': 4, 'clf__max_features': 'sqrt', 'clf__max_depth': 15}",0.8963414634146342,0.9006211180124224,0.9141274238227147,0.9302325581395349,0.9194630872483222,0.9121571301275256,0.012387050121854027,2,0.981029810298103,0.9749303621169917,0.9694072657743786,0.9791816223977028,0.9788450543167524,0.9766788229807858,0.0041429533754550095,5.0,4.0,15,,50.0,sqrt,,,,
Random Forest,5.591907930374146,3.281276748709648,0.0332301139831543,0.00707703659654775,,,,"{'clf__n_estimators': 100, 'clf__min_samples_split': 5, 'clf__min_samples_leaf': 1, 'clf__max_features': 'sqrt', 'clf__max_depth': 10}",0.891640866873065,0.9142857142857143,0.9265536723163842,0.9298245614035088,0.9006622516556292,0.9125934133068603,0.014669880704033092,1,0.9890710382513661,0.9845722300140253,0.97678916827853,0.9763440860215054,0.9715261958997722,0.9796605436930397,0.006294336702592474,5.0,1.0,10,,100.0,sqrt,,,,
Random Forest,15.287178039550781,8.944963662236228,0.10772619247436524,0.021337851075295285,,,,"{'clf__n_estimators': 300, 'clf__min_samples_split': 2, 'clf__min_samples_leaf': 2, 'clf__max_features': 'log2', 'clf__max_depth': 15}",0.8322147651006712,0.9144736842105263,0.9244186046511628,0.9317507418397626,0.9215017064846417,0.9048719004573529,0.03674874086792137,4,0.9972451790633609,0.9929278642149929,0.990234375,0.9912917271407837,0.9895953757225433,0.9922589042283361,0.0027363836869267175,2.0,2.0,15,,300.0,log2,,,,
XGBoost,1.136301851272583,0.40646930485510097,0.027858448028564454,0.004581809475066134,,,,"{'clf__subsample': 0.8, 'clf__n_estimators': 300, 'clf__max_depth': 5, 'clf__learning_rate': 0.2, 'clf__gamma': 0.2, 'clf__colsample_bytree': 0.8}",0.9106145251396648,0.9226006191950464,0.9421487603305785,0.9510086455331412,0.9133333333333333,0.9279411767063529,0.015975525328263067,7,1.0,1.0,1.0,1.0,1.0,1.0,0.0,,,5,,300.0,,0.8,0.2,0.2,0.8
XGBoost,1.0736668586730957,0.4193900393116097,0.026592493057250977,0.00611195866736418,,,,"{'clf__subsample': 0.8, 'clf__n_estimators': 200, 'clf__max_depth': 5, 'clf__learning_rate': 0.1, 'clf__gamma': 0.1, 'clf__colsample_bytree': 1.0}",0.9157303370786517,0.93125,0.9395604395604396,0.9597701149425287,0.9180327868852459,0.9328687356933731,0.01603067993262212,3,1.0,1.0,1.0,1.0,1.0,1.0,0.0,,,5,,200.0,,0.8,0.1,0.1,1.0
XGBoost,1.3522160053253174,0.5561565593875498,0.03877224922180176,0.006005488178859492,,,,"{'clf__subsample': 1.0, 'clf__n_estimators': 200, 'clf__max_depth': 9, 'clf__learning_rate': 0.05, 'clf__gamma': 0.1, 'clf__colsample_bytree': 0.8}",0.9096209912536443,0.9430379746835443,0.9355742296918768,0.953757225433526,0.9395973154362416,0.9363175472997666,0.01465143011756015,2,1.0,1.0,1.0,1.0,0.9994162288382954,0.999883245767659,0.00023350846468184194,,,9,,200.0,,1.0,0.05,0.1,0.8
XGBoost,1.694568920135498,0.7333501127688603,0.031763648986816405,0.004762640724567364,,,,"{'clf__subsample': 0.8, 'clf__n_estimators': 300, 'clf__max_depth': 9, 'clf__learning_rate': 0.1, 'clf__gamma': 0, 'clf__colsample_bytree': 1.0}",0.9178470254957507,0.9400630914826499,0.9415041782729805,0.9565217391304348,0.9266666666666666,0.9365205402096966,0.013290848368018004,1,1.0,1.0,1.0,1.0,1.0,1.0,0.0,,,9,,300.0,,0.8,0.1,0.0,1.0
XGBoost,0.37992153167724607,0.1527748147133075,0.01613459587097168,0.006194339461796288,,,,"{'clf__subsample': 1.0, 'clf__n_estimators': 50, 'clf__max_depth': 7, 'clf__learning_rate': 0.2, 'clf__gamma': 0.2, 'clf__colsample_bytree': 0.8}",0.9014084507042254,0.9192546583850931,0.9234972677595629,0.9507246376811594,0.9174917491749175,0.9224753527409917,0.015988057718188182,9,1.0,1.0,1.0,1.0,0.9988331388564761,0.9997666277712952,0.0004667444574095736,,,7,,50.0,,1.0,0.2,0.2,0.8
XGBoost,0.8175054550170898,0.34796080646260896,0.020808076858520506,0.0071420410452872046,,,,"{'clf__subsample': 0.6, 'clf__n_estimators': 100, 'clf__max_depth': 9, 'clf__learning_rate': 0.1, 'clf__gamma': 0.2, 'clf__colsample_bytree': 0.8}",0.9173789173789174,0.9254658385093167,0.9337016574585635,0.9452449567723343,0.9261744966442953,0.9295931733526854,0.00937836081841972,6,0.9945054945054945,0.9985775248933144,0.9990147783251232,0.997808619430241,0.9982507288629737,0.9976314292034294,0.0016121506150141478,,,9,,100.0,,0.6,0.1,0.2,0.8
XGBoost,0.6729693412780762,0.2748062969177337,0.015907144546508788,0.0020984314749156237,,,,"{'clf__subsample': 1.0, 'clf__n_estimators': 200, 'clf__max_depth': 9, 'clf__learning_rate': 0.2, 'clf__gamma': 0.2, 'clf__colsample_bytree': 1.0}",0.905982905982906,0.939297124600639,0.9438202247191011,0.9449275362318841,0.9297658862876255,0.9327587355644311,0.014415886929110125,5,1.0,1.0,1.0,1.0,1.0,1.0,0.0,,,9,,200.0,,1.0,0.2,0.2,1.0
XGBoost,0.5060827732086182,0.1926213737695193,0.011069917678833007,0.0014197703640436844,,,,"{'clf__subsample': 0.6, 'clf__n_estimators': 50, 'clf__max_depth': 9, 'clf__learning_rate': 0.05, 'clf__gamma': 0.2, 'clf__colsample_bytree': 0.8}",0.8928571428571429,0.9290322580645162,0.9273743016759777,0.9501466275659824,0.9078498293515358,0.921452031903031,0.019588774959050644,10,0.9917808219178083,0.9845722300140253,0.9805825242718447,0.9805335255948089,0.9804822043628014,0.9835902612322578,0.004384054719460308,,,9,,50.0,,0.6,0.05,0.2,0.8
XGBoost,0.8122630596160889,0.29017208487745333,0.01707744598388672,0.006085971773409322,,,,"{'clf__subsample': 0.6, 'clf__n_estimators': 200, 'clf__max_depth': 3, 'clf__learning_rate': 0.1, 'clf__gamma': 0.2, 'clf__colsample_bytree': 1.0}",0.9310344827586207,0.9254658385093167,0.9424657534246575,0.9281767955801105,0.8910256410256411,0.9236337022596693,0.017301443758669606,8,0.9945054945054945,0.9901269393511989,0.9778206364513018,0.9694819020581973,0.9721749006246451,0.9808219745981674,0.009861016684871375,,,3,,200.0,,0.6,0.1,0.2,1.0
XGBoost,0.44714818000793455,0.15774091196794193,0.010256814956665038,0.001080329903495454,,,,"{'clf__subsample': 0.8, 'clf__n_estimators': 50, 'clf__max_depth': 7, 'clf__learning_rate': 0.1, 'clf__gamma': 0, 'clf__colsample_bytree': 0.6}",0.9221556886227545,0.9423076923076923,0.9362880886426593,0.9394812680115274,0.9235880398671097,0.9327641554903486,0.008310926153925527,4,0.9917808219178083,0.9901269393511989,0.9892682926829268,0.987707881417209,0.9850402761795167,0.9887848423097318,0.0022887753411658576,,,7,,50.0,,0.8,0.1,0.0,0.6
